GeneID	GeneName	Chrom_M	Start_M	End_M	Chrom_G	Start_G	End_G	Methylation_Count_A	Methylation_Count_B	GeneLength	Methylation_per_kb_A	Methylation_per_kb_B	Norm_by_Coverage_A	Norm_by_Coverage_B	Fold_Change	Methylation_Status
ENSG00000108854;	SMURF2	17.0	64573157.0	64573158.0	17.0	64542281.0	64662307.0	0.0	2	1000	0.0	2.0	0.0	0.4166666666666667	2.3999942400138238e-06	Hypomethylated
ENSG00000157837;	SPPL3	12.0	120830284.0	120830285.0	12.0	120762509.0	120904358.0	0.0	4	1000	0.0	4.0	0.0	0.8333333333333334	1.1999985600017278e-06	Hypomethylated
ENSG00000165006;	UBAP1	9.0	34219673.0	34219674.0	9.0	34179004.0	34252523.0	0.0	2	1000	0.0	2.0	0.0	0.4166666666666667	2.3999942400138238e-06	Hypomethylated
ENSG00000170430;	MGMT	10.0	129467534.0	129467535.0	10.0	129467189.0	129770983.0	4.0	22	1000	4.0	22.0	0.8	4.583333333333334	0.1745456346445888	Hypomethylated
