GeneName	Chrom_M	Start_M	End_M	Chrom_G	Start_G	End_G	Methylation_Count	GeneLength	Methylation_per_kb	Normalized_by_Coverage
ENSG00000138413;	2	208246558	208246559	2	208236228	208266074	535	29846	17.925350130670775	3.5850700261341553
ENSG00000140548;	15	90082069	90082070	15	90001323	90082206	51	80883	0.6305404102221728	0.12610808204443455
ENSG00000170430;	10	129467534	129467535	10	129467189	129770983	4	303794	0.013166816987827278	0.0026333633975654555
ENSG00000182054;	15	90085099	90085100	15	90083044	90102477	527	19433	27.118818504605567	5.423763700921113
ENSG00000228111;	2	208221129	208221130	2	208214723	208222625	4	7902	0.5062009617818274	0.10124019235636547
ENSG00000259291;	15	90082069	90082070	15	90074511	90082207	22	7696	2.858627858627859	0.5717255717255718
